Annual_Rainfall_(mm),Min_Temperature_(°C),Max_Temperature_(°C),Year,Kharif_Area_(Hectare),Kharif_Production_(Tonnes),Kharif_Yield_(Tonne/Hectare),Rabi_Area_(Hectare),Rabi_Production_(Tonnes),Rabi_Yield_(Tonne/Hectare),Market_Price_Max,Market_Price_Min,Average_Market_Price,Area_Irrigated,Gross_Area_Irrigated,Alluvial Soil,Black Soil,Clayey Soil,Red Soil,Sandy,Sandy Loam,Zone_Central Telangana Zone,Zone_Northern Telangana Zone,Zone_Southern Telangana Zone,District_Adilabad,District_Bhadradri Kothagudem,District_Jagtial,District_Jangaon,District_Jayashankar Bhupalpally,District_Jogulamba Gadwal,District_Kamareddy,District_Karimnagar,District_Khammam,District_Komaram Bheem Asifabad,District_Mahabubabad,District_Mahbubnagar,District_Mancherial,District_Medak,District_Medchal Malkajgiri,District_Mulugu,District_Nagarkurnool,District_Nalgonda,District_Nirmal,District_Nizamabad,District_Peddapalli,District_Rajanna Sircilla,District_Rangareddy,District_Siddipet,District_Suryapet,District_Vikarabad,District_Wanaparthy,District_Warangal Rural,District_Warangal Urban,District_Yadadri Bhuvanagiri,Crop_Bengal Gram,Crop_Black Gram,Crop_Castor,Crop_Cotton,Crop_Cowpea,Crop_Dry Chillies,Crop_Green Gram,Crop_Groundnut,Crop_Maize,Crop_Minor Millets,Crop_Red Gram,Crop_Rice,Crop_Sesame,Crop_Sorghum,Crop_Sorghum(white),Crop_Soyabean,Crop_Sunflower,Crop_Turmeric,Crop_wheat,season_Kharif,season_Rabi
1162.0,15.7,39.9,2022-2023,54555.0,86361.0,1.58,55.0,61.0,1.11,5004.2,4576.2,4576.2,264915.0,246930.0,0,1,0,1,1,0,False,True,False,True,False,False,False,False,False,False,False,False,False,False,False,False,False,False,False,False,False,False,False,False,False,False,False,False,False,False,False,False,False,False,False,False,False,False,False,False,False,False,False,False,False,False,False,False,True,False,False,False,True,False
1162.0,15.7,39.9,2022-2023,150384.0,476806.0,3.17,9.0,29.0,3.22,7461.84,7172.37,7317.105,264915.0,246930.0,0,1,0,1,1,0,False,True,False,True,False,False,False,False,False,False,False,False,False,False,False,False,False,False,False,False,False,False,False,False,False,False,False,False,False,False,False,False,False,False,False,False,True,False,False,False,False,False,False,False,False,False,False,False,False,False,False,False,False,True
1162.0,15.7,39.9,2022-2023,1002.0,4563.0,4.55,5787.0,34091.0,5.89,2128.1,2098.1,2113.1,264915.0,246930.0,0,1,0,1,1,0,False,True,False,True,False,False,False,False,False,False,False,False,False,False,False,False,False,False,False,False,False,False,False,False,False,False,False,False,False,False,False,False,False,False,False,False,False,False,False,False,False,True,False,False,False,False,False,False,False,False,False,False,False,True
1162.0,15.7,39.9,2022-2023,1199.0,504.0,0.42,15699.0,22983.0,1.46,2920.75,2920.75,2920.75,264915.0,246930.0,0,1,0,1,1,0,False,True,False,True,False,False,False,False,False,False,False,False,False,False,False,False,False,False,False,False,False,False,False,False,False,False,False,False,False,False,False,False,False,False,False,False,False,False,False,False,False,False,False,False,False,False,True,False,False,False,False,False,False,True
1162.0,15.7,39.9,2022-2023,4.0,6.0,1.5,43620.0,70054.0,1.61,7192.33,6955.67,7074.0,264915.0,246930.0,0,1,0,1,1,0,False,True,False,True,False,False,False,False,False,False,False,False,False,False,False,False,False,False,False,False,False,False,False,False,False,False,False,False,False,False,False,False,False,False,False,False,False,False,False,False,False,False,False,True,False,False,False,False,False,False,False,False,False,True
1162.0,15.7,39.9,2022-2023,671.0,2347.0,3.5,197.0,679.0,3.45,2500.0,2500.0,2500.0,264915.0,246930.0,0,1,0,1,1,0,False,True,False,True,False,False,False,False,False,False,False,False,False,False,False,False,False,False,False,False,False,False,False,False,False,False,False,False,False,False,False,False,False,False,False,False,False,False,False,False,False,False,False,False,True,False,False,False,False,False,False,False,True,False
1162.0,15.7,39.9,2022-2023,21.0,43.0,2.05,1236.0,2559.0,2.07,2424.33,2215.0,2319.665,264915.0,246930.0,0,1,0,1,1,0,False,True,False,True,False,False,False,False,False,False,False,False,False,False,False,False,False,False,False,False,False,False,False,False,False,False,False,False,False,False,False,False,False,False,False,False,False,False,False,False,False,False,False,False,False,False,False,False,False,False,False,True,False,True
1162.0,15.7,39.9,2022-2023,0.0,0.0,0.0,216.0,104.0,0.48,10411.0,10211.0,10311.0,264915.0,246930.0,0,1,0,1,1,0,False,True,False,True,False,False,False,False,False,False,False,False,False,False,False,False,False,False,False,False,False,False,False,False,False,False,False,False,False,False,False,False,False,False,False,False,False,False,False,False,False,False,False,False,False,True,False,False,False,False,False,False,False,True
1162.0,15.7,39.9,2022-2023,2.0,5.0,2.5,357.0,825.0,2.31,5938.5,5938.5,5938.5,264915.0,246930.0,0,1,0,1,1,0,False,True,False,True,False,False,False,False,False,False,False,False,False,False,False,False,False,False,False,False,False,False,False,False,False,False,False,False,False,False,False,False,False,False,False,False,False,False,False,False,True,False,False,False,False,False,False,False,False,False,False,False,True,False
1213.0,18.3,37.2,2022-2023,66484.0,230699.0,3.47,25261.0,90258.0,3.57,2300.0,2300.0,2300.0,331433.0,331433.0,1,0,1,0,0,0,True,False,False,False,True,False,False,False,False,False,False,False,False,False,False,False,False,False,False,False,False,False,False,False,False,False,False,False,False,False,False,False,False,False,False,False,False,False,False,False,False,False,False,False,True,False,False,False,False,False,False,False,False,True
1213.0,18.3,37.2,2022-2023,68275.0,236954.0,3.47,59.0,205.0,3.47,7200.0,7200.0,7200.0,331433.0,331433.0,1,0,1,0,0,0,True,False,False,False,True,False,False,False,False,False,False,False,False,False,False,False,False,False,False,False,False,False,False,False,False,False,False,False,False,False,False,False,False,False,False,False,True,False,False,False,False,False,False,False,False,False,False,False,False,False,False,False,False,True
1018.0,16.2,39.3,2022-2023,0.0,0.0,0.0,4862.0,3812.0,0.78,9689.0,9689.0,9689.0,727211.0,738953.0,0,1,0,1,0,0,False,True,False,False,False,True,False,False,False,False,False,False,False,False,False,False,False,False,False,False,False,False,False,False,False,False,False,False,False,False,False,False,False,False,False,False,False,False,False,False,False,False,False,False,False,True,False,False,False,False,False,False,False,True
1018.0,16.2,39.3,2022-2023,0.0,0.0,0.0,108.0,222.0,2.06,6659.0,3500.0,5079.5,727211.0,738953.0,0,1,0,1,0,0,False,True,False,False,False,True,False,False,False,False,False,False,False,False,False,False,False,False,False,False,False,False,False,False,False,False,False,False,False,False,False,False,False,False,False,False,False,False,False,False,False,False,False,True,False,False,False,False,False,False,False,False,False,True
1018.0,16.2,39.3,2022-2023,5943.0,57481.0,9.67,0.0,0.0,0.0,8181.0,8181.0,8181.0,727211.0,738953.0,0,1,0,1,0,0,False,True,False,False,False,True,False,False,False,False,False,False,False,False,False,False,False,False,False,False,False,False,False,False,False,False,False,False,False,False,False,False,False,False,False,False,False,False,False,False,False,False,False,False,False,False,False,False,False,False,True,False,True,False
1018.0,16.2,39.3,2022-2023,122197.0,441253.0,3.61,120927.0,437272.0,3.62,2203.0,2203.0,2203.0,727211.0,738953.0,0,1,0,1,0,0,False,True,False,False,False,True,False,False,False,False,False,False,False,False,False,False,False,False,False,False,False,False,False,False,False,False,False,False,False,False,False,False,False,False,False,False,False,False,False,False,False,False,False,False,True,False,False,False,False,False,False,False,False,True
1018.0,16.2,39.3,2022-2023,18869.0,121120.0,6.42,9877.0,69337.0,7.02,2272.0,1965.0,2118.5,727211.0,738953.0,0,1,0,1,0,0,False,True,False,False,False,True,False,False,False,False,False,False,False,False,False,False,False,False,False,False,False,False,False,False,False,False,False,False,False,False,False,False,False,False,False,False,False,False,False,False,False,True,False,False,False,False,False,False,False,False,False,False,False,True
858.0,17.4,38.8,2022-2023,487.0,239.0,0.49,22.0,5.0,0.23,5511.0,5511.0,5511.0,451775.0,451775.0,0,1,1,1,0,0,True,False,False,False,False,False,True,False,False,False,False,False,False,False,False,False,False,False,False,False,False,False,False,False,False,False,False,False,False,False,False,False,False,False,False,False,False,False,False,True,False,False,False,False,False,False,False,False,False,False,False,False,True,False
858.0,17.4,38.8,2022-2023,551.0,1564.0,2.84,1113.0,4835.0,4.34,6625.0,5401.0,6013.0,451775.0,451775.0,0,1,1,1,0,0,True,False,False,False,False,False,True,False,False,False,False,False,False,False,False,False,False,False,False,False,False,False,False,False,False,False,False,False,False,False,False,False,False,False,False,False,False,False,False,False,True,False,False,False,False,False,False,False,False,False,False,False,False,True
858.0,17.4,38.8,2022-2023,1637.0,8182.0,5.0,3741.0,22027.0,5.89,2271.0,1901.0,2086.0,451775.0,451775.0,0,1,1,1,0,0,True,False,False,False,False,False,True,False,False,False,False,False,False,False,False,False,False,False,False,False,False,False,False,False,False,False,False,False,False,False,False,False,False,False,False,False,False,False,False,False,False,True,False,False,False,False,False,False,False,False,False,False,False,True
858.0,17.4,38.8,2022-2023,86366.0,250720.0,2.9,78000.0,168558.0,2.16,206.0,206.0,206.0,451775.0,451775.0,0,1,1,1,0,0,True,False,False,False,False,False,True,False,False,False,False,False,False,False,False,False,False,False,False,False,False,False,False,False,False,False,False,False,False,False,False,False,False,False,False,False,False,False,False,False,False,False,False,False,True,False,False,False,False,False,False,False,True,False
858.0,17.4,38.8,2022-2023,4.0,3.0,0.75,8.0,5.0,0.63,7550.0,7550.0,7550.0,451775.0,451775.0,0,1,1,1,0,0,True,False,False,False,False,False,True,False,False,False,False,False,False,False,False,False,False,False,False,False,False,False,False,False,False,False,False,False,False,False,False,False,False,False,False,False,False,False,False,False,False,False,False,True,False,False,False,False,False,False,False,False,True,False
1185.0,17.2,38.3,2022-2023,44401.0,144436.0,3.25,34104.0,105484.0,3.09,2060.0,2060.0,2060.0,268832.0,268832.0,0,1,1,1,0,0,True,False,False,False,False,False,False,True,False,False,False,False,False,False,False,False,False,False,False,False,False,False,False,False,False,False,False,False,False,False,False,False,False,False,False,False,False,False,False,False,False,False,False,False,True,False,False,False,False,False,False,False,True,False
1185.0,17.2,38.3,2022-2023,40889.0,164037.0,4.01,13.0,52.0,4.0,6380.0,6380.0,6380.0,268832.0,268832.0,0,1,1,1,0,0,True,False,False,False,False,False,False,True,False,False,False,False,False,False,False,False,False,False,False,False,False,False,False,False,False,False,False,False,False,False,False,False,False,False,False,False,True,False,False,False,False,False,False,False,False,False,False,False,False,False,False,False,True,False
1185.0,17.2,38.3,2022-2023,0.0,0.0,0.0,12.0,19.0,1.58,6600.0,6600.0,6600.0,268832.0,268832.0,0,1,1,1,0,0,True,False,False,False,False,False,False,True,False,False,False,False,False,False,False,False,False,False,False,False,False,False,False,False,False,False,False,False,False,False,False,False,False,False,False,False,False,False,False,False,False,False,False,True,False,False,False,False,False,False,False,False,False,True
1185.0,17.2,38.3,2022-2023,6554.0,27350.0,4.17,515.0,2182.0,4.24,16494.7,12404.5,14449.6,268832.0,268832.0,0,1,1,1,0,0,True,False,False,False,False,False,False,True,False,False,False,False,False,False,False,False,False,False,False,False,False,False,False,False,False,False,False,False,False,False,False,False,False,False,False,False,False,False,True,False,False,False,False,False,False,False,False,False,False,False,False,False,False,True
1185.0,17.2,38.3,2022-2023,85.0,387.0,4.55,4464.0,31494.0,7.06,1962.0,1962.0,1962.0,268832.0,268832.0,0,1,1,1,0,0,True,False,False,False,False,False,False,True,False,False,False,False,False,False,False,False,False,False,False,False,False,False,False,False,False,False,False,False,False,False,False,False,False,False,False,False,False,False,False,False,False,True,False,False,False,False,False,False,False,False,False,False,False,True
1185.0,17.2,38.3,2022-2023,15.0,13.0,0.87,23.0,26.0,1.13,7755.0,7755.0,7755.0,268832.0,268832.0,0,1,1,1,0,0,True,False,False,False,False,False,False,True,False,False,False,False,False,False,False,False,False,False,False,False,False,False,False,False,False,False,False,False,False,False,False,False,False,False,False,False,False,False,False,True,False,False,False,False,False,False,False,False,False,False,False,False,False,True
606.0,17.7,38.9,2022-2023,0.0,0.0,0.0,6200.0,9164.0,1.48,7059.0,5819.0,6439.0,439638.0,440816.0,0,1,0,1,0,1,False,False,True,False,False,False,False,False,True,False,False,False,False,False,False,False,False,False,False,False,False,False,False,False,False,False,False,False,False,False,False,False,False,False,False,False,False,False,False,False,False,False,False,True,False,False,False,False,False,False,False,False,False,True
606.0,17.7,38.9,2022-2023,500.0,451.0,0.9,1131.0,1492.0,1.32,5711.0,5519.0,5615.0,439638.0,440816.0,0,1,0,1,0,1,False,False,True,False,False,False,False,False,True,False,False,False,False,False,False,False,False,False,False,False,False,False,False,False,False,False,False,False,False,False,False,False,False,False,False,True,False,False,False,False,False,False,False,False,False,False,False,False,False,False,False,False,False,True
606.0,17.7,38.9,2022-2023,2269.0,4967.0,2.19,6572.0,13387.0,2.04,6349.0,2729.0,4539.0,439638.0,440816.0,0,1,0,1,0,1,False,False,True,False,False,False,False,False,True,False,False,False,False,False,False,False,False,False,False,False,False,False,False,False,False,False,False,False,False,False,False,False,False,False,False,False,False,False,False,False,True,False,False,False,False,False,False,False,False,False,False,False,True,False
606.0,17.7,38.9,2022-2023,4372.0,18104.0,4.14,13175.0,49683.0,3.77,2369.0,2369.0,2369.0,439638.0,440816.0,0,1,0,1,0,1,False,False,True,False,False,False,False,False,True,False,False,False,False,False,False,False,False,False,False,False,False,False,False,False,False,False,False,False,False,False,False,False,False,False,False,False,False,False,False,False,False,False,False,False,True,False,False,False,False,False,False,False,True,False
989.0,16.2,38.7,2022-2023,2560.0,2025.0,0.79,2.0,2.0,1.0,7373.0,7373.0,7373.0,603491.0,649486.0,0,1,1,0,0,1,False,True,False,False,False,False,False,False,False,True,False,False,False,False,False,False,False,False,False,False,False,False,False,False,False,False,False,False,False,False,False,False,False,False,False,False,False,False,False,True,False,False,False,False,False,False,False,False,False,False,False,False,False,True
989.0,16.2,38.7,2022-2023,0.0,0.0,0.0,35633.0,55873.0,1.57,7029.0,6809.0,6919.0,603491.0,649486.0,0,1,1,0,0,1,False,True,False,False,False,False,False,False,False,True,False,False,False,False,False,False,False,False,False,False,False,False,False,False,False,False,False,False,False,False,False,False,False,False,False,False,False,False,False,False,False,False,False,True,False,False,False,False,False,False,False,False,False,True
989.0,16.2,38.7,2022-2023,36290.0,49572.0,1.37,666.0,1036.0,1.56,3912.0,3912.0,3912.0,603491.0,649486.0,0,1,1,0,0,1,False,True,False,False,False,False,False,False,False,True,False,False,False,False,False,False,False,False,False,False,False,False,False,False,False,False,False,False,False,False,False,False,False,False,False,False,False,False,False,False,False,False,False,False,False,False,False,False,True,False,False,False,False,True
989.0,16.2,38.7,2022-2023,30149.0,133228.0,4.42,15398.0,97177.0,6.31,2407.0,2407.0,2407.0,603491.0,649486.0,0,1,1,0,0,1,False,True,False,False,False,False,False,False,False,True,False,False,False,False,False,False,False,False,False,False,False,False,False,False,False,False,False,False,False,False,False,False,False,False,False,False,False,False,False,False,False,True,False,False,False,False,False,False,False,False,False,False,False,True
989.0,16.2,38.7,2022-2023,20.0,14.0,0.7,7790.0,30630.0,3.93,1805.0,1805.0,1805.0,603491.0,649486.0,0,1,1,0,0,1,False,True,False,False,False,False,False,False,False,True,False,False,False,False,False,False,False,False,False,False,False,False,False,False,False,False,False,False,False,False,False,False,False,False,False,False,False,False,False,False,False,False,False,False,False,False,False,True,False,False,False,False,False,True
902.0,16.9,38.9,2022-2023,110266.0,359357.0,3.26,109804.0,346432.0,3.16,2207.05,2198.64,2202.845,599419.0,599419.0,0,1,0,1,0,0,False,True,False,False,False,False,False,False,False,False,True,False,False,False,False,False,False,False,False,False,False,False,False,False,False,False,False,False,False,False,False,False,False,False,False,False,False,False,False,False,False,False,False,False,True,False,False,False,False,False,False,False,True,False
902.0,16.9,38.9,2022-2023,0.0,0.0,0.0,19.0,20.0,1.05,5750.67,4751.67,5251.17,599419.0,599419.0,0,1,0,1,0,0,False,True,False,False,False,False,False,False,False,False,True,False,False,False,False,False,False,False,False,False,False,False,False,False,False,False,False,False,False,False,False,False,False,False,False,False,False,False,False,False,False,False,False,True,False,False,False,False,False,False,False,False,False,True
902.0,16.9,38.9,2022-2023,50.0,25.0,0.5,16.0,11.0,0.69,7495.5,7495.5,7495.5,599419.0,599419.0,0,1,0,1,0,0,False,True,False,False,False,False,False,False,False,False,True,False,False,False,False,False,False,False,False,False,False,False,False,False,False,False,False,False,False,False,False,False,False,False,False,False,False,False,False,True,False,False,False,False,False,False,False,False,False,False,False,False,False,True
902.0,16.9,38.9,2022-2023,0.0,0.0,0.0,13.0,10.0,0.77,10359.0,10359.0,10359.0,599419.0,599419.0,0,1,0,1,0,0,False,True,False,False,False,False,False,False,False,False,True,False,False,False,False,False,False,False,False,False,False,False,False,False,False,False,False,False,False,False,False,False,False,False,False,False,False,False,False,False,False,False,False,False,False,True,False,False,False,False,False,False,False,True
902.0,16.9,38.9,2022-2023,20928.0,75341.0,3.6,48.0,173.0,3.6,7246.0,6825.95,7035.975,599419.0,599419.0,0,1,0,1,0,0,False,True,False,False,False,False,False,False,False,False,True,False,False,False,False,False,False,False,False,False,False,False,False,False,False,False,False,False,False,False,False,False,False,False,False,False,True,False,False,False,False,False,False,False,False,False,False,False,False,False,False,False,False,True
902.0,16.9,38.9,2022-2023,1743.0,8072.0,4.63,8070.0,47831.0,5.93,2205.2,2139.05,2172.125,599419.0,599419.0,0,1,0,1,0,0,False,True,False,False,False,False,False,False,False,False,True,False,False,False,False,False,False,False,False,False,False,False,False,False,False,False,False,False,False,False,False,False,False,False,False,False,False,False,False,False,False,True,False,False,False,False,False,False,False,False,False,False,False,True
902.0,16.9,38.9,2022-2023,22.0,165.0,7.5,0.0,0.0,0.0,10959.86,8627.29,9793.575,599419.0,599419.0,0,1,0,1,0,0,False,True,False,False,False,False,False,False,False,False,True,False,False,False,False,False,False,False,False,False,False,False,False,False,False,False,False,False,False,False,False,False,False,False,False,False,False,False,False,False,False,False,False,False,False,False,False,False,False,False,True,False,True,False
902.0,16.9,38.9,2022-2023,0.0,0.0,0.0,3.0,4.0,1.33,2000.0,1000.0,1500.0,599419.0,599419.0,0,1,0,1,0,0,False,True,False,False,False,False,False,False,False,False,True,False,False,False,False,False,False,False,False,False,False,False,False,False,False,False,False,False,False,False,False,False,False,False,False,True,False,False,False,False,False,False,False,False,False,False,False,False,False,False,False,False,False,True
902.0,16.9,38.9,2022-2023,3.0,5.0,1.67,0.0,0.0,0.0,4014.5,4014.5,4014.5,599419.0,599419.0,0,1,0,1,0,0,False,True,False,False,False,False,False,False,False,False,True,False,False,False,False,False,False,False,False,False,False,False,False,False,False,False,False,False,False,False,False,False,False,False,False,False,False,False,False,False,False,False,False,False,False,False,False,False,True,False,False,False,True,False
902.0,16.9,38.9,2022-2023,24.0,58.0,2.42,230.0,436.0,1.9,3501.0,3501.0,3501.0,599419.0,599419.0,0,1,0,1,0,0,False,True,False,False,False,False,False,False,False,False,True,False,False,False,False,False,False,False,False,False,False,False,False,False,False,False,False,False,False,False,False,False,False,False,False,False,False,False,False,False,True,False,False,False,False,False,False,False,False,False,False,False,True,False
1051.0,16.9,37.6,2022-2023,117343.0,411639.0,3.51,86958.0,299309.0,3.44,2266.79,2204.42,2235.605,872160.0,872160.0,1,1,1,0,0,0,True,False,False,False,False,False,False,False,False,False,False,True,False,False,False,False,False,False,False,False,False,False,False,False,False,False,False,False,False,False,False,False,False,False,False,False,False,False,False,False,False,False,False,False,True,False,False,False,False,False,False,False,True,False
1051.0,16.9,37.6,2022-2023,1202.0,5964.0,4.96,36921.0,233082.0,6.31,2223.08,2131.83,2177.455,872160.0,872160.0,1,1,1,0,0,0,True,False,False,False,False,False,False,False,False,False,False,True,False,False,False,False,False,False,False,False,False,False,False,False,False,False,False,False,False,False,False,False,False,False,False,False,False,False,False,False,False,True,False,False,False,False,False,False,False,False,False,False,False,True
1051.0,16.9,37.6,2022-2023,94628.0,281101.0,2.97,59.0,175.0,2.97,6692.5,6330.0,6511.25,872160.0,872160.0,1,1,1,0,0,0,True,False,False,False,False,False,False,False,False,False,False,True,False,False,False,False,False,False,False,False,False,False,False,False,False,False,False,False,False,False,False,False,False,False,False,False,True,False,False,False,False,False,False,False,False,False,False,False,False,False,False,False,False,True
1051.0,16.9,37.6,2022-2023,0.0,0.0,0.0,15.0,24.0,1.6,7400.0,7225.0,7312.5,872160.0,872160.0,1,1,1,0,0,0,True,False,False,False,False,False,False,False,False,False,False,True,False,False,False,False,False,False,False,False,False,False,False,False,False,False,False,False,False,False,False,False,False,False,False,False,False,False,False,False,False,False,False,True,False,False,False,False,False,False,False,False,False,True
1051.0,16.9,37.6,2022-2023,28085.0,100039.0,3.56,90.0,193.0,2.14,3600.0,3000.0,3300.0,872160.0,872160.0,1,1,1,0,0,0,True,False,False,False,False,False,False,False,False,False,False,True,False,False,False,False,False,False,False,False,False,False,False,False,False,False,False,False,False,False,False,False,False,False,False,False,False,False,True,False,False,False,False,False,False,False,False,False,False,False,False,False,True,False
1051.0,16.9,37.6,2022-2023,4186.0,2700.0,0.65,1400.0,1333.0,0.95,7650.0,6750.0,7200.0,872160.0,872160.0,1,1,1,0,0,0,True,False,False,False,False,False,False,False,False,False,False,True,False,False,False,False,False,False,False,False,False,False,False,False,False,False,False,False,False,False,False,False,False,False,False,False,False,False,False,True,False,False,False,False,False,False,False,False,False,False,False,False,False,True
1051.0,16.9,37.6,2022-2023,8.0,6.0,0.75,87.0,78.0,0.9,7100.0,7100.0,7100.0,872160.0,872160.0,1,1,1,0,0,0,True,False,False,False,False,False,False,False,False,False,False,True,False,False,False,False,False,False,False,False,False,False,False,False,False,False,False,False,False,False,False,False,False,False,False,False,False,True,False,False,False,False,False,False,False,False,False,False,False,False,False,False,False,True
1051.0,16.9,37.6,2022-2023,54.0,130.0,2.41,223.0,557.0,2.5,6525.0,6425.0,6475.0,872160.0,872160.0,1,1,1,0,0,0,True,False,False,False,False,False,False,False,False,False,False,True,False,False,False,False,False,False,False,False,False,False,False,False,False,False,False,False,False,False,False,False,False,False,False,False,False,False,False,False,True,False,False,False,False,False,False,False,False,False,False,False,False,True
1051.0,16.9,37.6,2022-2023,0.0,0.0,0.0,18.0,34.0,4.89,6000.0,6300.0,6150.0,872160.0,872160.0,1,1,1,0,0,0,True,False,False,False,False,False,False,False,False,False,False,True,False,False,False,False,False,False,False,False,False,False,False,False,False,False,False,False,False,False,False,False,False,False,False,False,False,False,False,False,False,False,False,False,False,False,False,False,False,True,False,False,False,True
1189.0,16.9,39.5,2022-2023,3906.0,4754.0,1.22,17.0,22.0,1.29,5200.0,5000.0,5100.0,86569.0,86569.0,0,1,0,1,0,1,False,True,False,False,False,False,False,False,False,False,False,False,True,False,False,False,False,False,False,False,False,False,False,False,False,False,False,False,False,False,False,False,False,False,False,False,False,False,False,False,False,False,False,False,False,False,False,False,True,False,False,False,False,True
1189.0,16.9,39.5,2022-2023,129158.0,409507.0,3.17,15.0,48.0,3.2,7500.0,7200.0,7350.0,86569.0,86569.0,0,1,0,1,0,1,False,True,False,False,False,False,False,False,False,False,False,False,True,False,False,False,False,False,False,False,False,False,False,False,False,False,False,False,False,False,False,False,False,False,False,False,True,False,False,False,False,False,False,False,False,False,False,False,False,False,False,False,False,True
1189.0,16.9,39.5,2022-2023,0.0,0.0,0.0,3188.0,4205.0,1.32,7700.0,7600.0,7650.0,86569.0,86569.0,0,1,0,1,0,1,False,True,False,False,False,False,False,False,False,False,False,False,True,False,False,False,False,False,False,False,False,False,False,False,False,False,False,False,False,False,False,False,False,False,False,False,False,False,False,False,False,False,False,True,False,False,False,False,False,False,False,False,False,True
1189.0,16.9,39.5,2022-2023,365.0,1662.0,4.55,937.0,4725.0,5.04,2300.0,2300.0,2300.0,86569.0,86569.0,0,1,0,1,0,1,False,True,False,False,False,False,False,False,False,False,False,False,True,False,False,False,False,False,False,False,False,False,False,False,False,False,False,False,False,False,False,False,False,False,False,False,False,False,False,False,False,True,False,False,False,False,False,False,False,False,False,False,False,True
1047.0,16.9,38.7,2022-2023,39058.0,118093.0,3.02,23.0,70.0,3.04,7774.0,5858.0,6816.0,482742.0,482742.0,0,0,1,1,0,1,True,False,False,False,False,False,False,False,False,False,False,False,False,True,False,False,False,False,False,False,False,False,False,False,False,False,False,False,False,False,False,False,False,False,False,False,True,False,False,False,False,False,False,False,False,False,False,False,False,False,False,False,False,True
1047.0,16.9,38.7,2022-2023,22705.0,84077.0,3.7,6.0,31.0,5.17,15909.0,10529.0,13219.0,482742.0,482742.0,0,0,1,1,0,1,True,False,False,False,False,False,False,False,False,False,False,False,False,True,False,False,False,False,False,False,False,False,False,False,False,False,False,False,False,False,False,False,False,False,False,False,False,False,True,False,False,False,False,False,False,False,False,False,False,False,False,False,False,True
1047.0,16.9,38.7,2022-2023,9.0,6.0,0.67,223.0,197.0,0.88,7502.0,6252.0,6877.0,482742.0,482742.0,0,0,1,1,0,1,True,False,False,False,False,False,False,False,False,False,False,False,False,True,False,False,False,False,False,False,False,False,False,False,False,False,False,False,False,False,False,False,False,False,True,False,False,False,False,False,False,False,False,False,False,False,False,False,False,False,False,False,False,True
1047.0,16.9,38.7,2022-2023,37.0,83.0,2.24,280.0,556.0,1.99,6052.0,2356.0,4204.0,482742.0,482742.0,0,0,1,1,0,1,True,False,False,False,False,False,False,False,False,False,False,False,False,True,False,False,False,False,False,False,False,False,False,False,False,False,False,False,False,False,False,False,False,False,False,False,False,False,False,False,True,False,False,False,False,False,False,False,False,False,False,False,True,False
1047.0,16.9,38.7,2022-2023,22.0,16.0,0.76,838.0,503.0,0.6,7702.0,7566.0,7634.0,482742.0,482742.0,0,0,1,1,0,1,True,False,False,False,False,False,False,False,False,False,False,False,False,True,False,False,False,False,False,False,False,False,False,False,False,False,False,False,False,False,False,False,False,False,False,False,False,True,False,False,False,False,False,False,False,False,False,False,False,False,False,False,True,False
1047.0,16.9,38.7,2022-2023,22030.0,90720.0,4.12,18423.0,119753.0,6.5,2136.0,1525.0,1830.5,482742.0,482742.0,0,0,1,1,0,1,True,False,False,False,False,False,False,False,False,False,False,False,False,True,False,False,False,False,False,False,False,False,False,False,False,False,False,False,False,False,False,False,False,False,False,False,False,False,False,False,False,True,False,False,False,False,False,False,False,False,False,False,False,True
1047.0,16.9,38.7,2022-2023,1185.0,571.0,0.48,1033.0,1056.0,1.02,6052.0,2356.0,4204.0,482742.0,482742.0,0,0,1,1,0,1,True,False,False,False,False,False,False,False,False,False,False,False,False,True,False,False,False,False,False,False,False,False,False,False,False,False,False,False,False,False,False,False,False,False,False,False,False,False,False,True,False,False,False,False,False,False,False,False,False,False,False,False,False,True
655.0,16.9,38.6,2022-2023,9.0,6.0,0.67,223.0,197.0,0.88,6536.33,5203.0,5869.665,368610.0,370697.0,0,0,0,1,0,1,False,False,True,False,False,False,False,False,False,False,False,False,False,False,True,False,False,False,False,False,False,False,False,False,False,False,False,False,False,False,False,False,False,True,False,False,False,False,False,False,False,False,False,False,False,False,False,False,False,False,False,False,False,True
655.0,16.9,38.6,2022-2023,18.0,43.0,2.39,4709.0,8895.0,1.89,6959.0,4009.0,5484.0,368610.0,370697.0,0,0,0,1,0,1,False,False,True,False,False,False,False,False,False,False,False,False,False,False,True,False,False,False,False,False,False,False,False,False,False,False,False,False,False,False,False,False,False,False,False,False,False,False,False,False,True,False,False,False,False,False,False,False,False,False,False,False,True,False
655.0,16.9,38.6,2022-2023,0.0,0.0,0.0,2.0,3.0,1.5,6784.17,6067.25,6425.71,368610.0,370697.0,0,0,0,1,0,1,False,False,True,False,False,False,False,False,False,False,False,False,False,False,True,False,False,False,False,False,False,False,False,False,False,False,False,False,False,False,False,False,False,False,False,False,False,False,False,False,False,False,False,True,False,False,False,False,False,False,False,False,False,True
655.0,16.9,38.6,2022-2023,20.0,14.0,0.7,24.0,38.0,1.5,6327.33,5688.33,6007.83,368610.0,370697.0,0,0,0,1,0,1,False,False,True,False,False,False,False,False,False,False,False,False,False,False,True,False,False,False,False,False,False,False,False,False,False,False,False,False,False,False,False,False,False,False,True,False,False,False,False,False,False,False,False,False,False,False,False,False,False,False,False,False,False,True
655.0,16.9,38.6,2022-2023,407.0,148.0,0.36,228.0,258.0,1.13,5653.0,5529.9,5591.45,368610.0,370697.0,0,0,0,1,0,1,False,False,True,False,False,False,False,False,False,False,False,False,False,False,True,False,False,False,False,False,False,False,False,False,False,False,False,False,False,False,False,False,False,False,False,True,False,False,False,False,False,False,False,False,False,False,False,False,False,False,False,False,False,True
655.0,16.9,38.6,2022-2023,5706.0,3526.0,0.62,173.0,357.0,2.06,2261.6,2135.4,2198.5,368610.0,370697.0,0,0,0,1,0,1,False,False,True,False,False,False,False,False,False,False,False,False,False,False,True,False,False,False,False,False,False,False,False,False,False,False,False,False,False,False,False,False,False,False,False,False,False,False,False,False,False,False,False,False,False,False,True,False,False,False,False,False,False,True
655.0,16.9,38.6,2022-2023,11678.0,38000.0,3.25,1962.0,13591.0,6.93,2298.93,2136.71,2217.82,368610.0,370697.0,0,0,0,1,0,1,False,False,True,False,False,False,False,False,False,False,False,False,False,False,True,False,False,False,False,False,False,False,False,False,False,False,False,False,False,False,False,False,False,False,False,False,False,False,False,False,False,True,False,False,False,False,False,False,False,False,False,False,False,True
655.0,16.9,38.6,2022-2023,85844.0,289981.0,3.38,59454.0,209694.0,3.53,2381.13,2237.31,2309.22,368610.0,370697.0,0,0,0,1,0,1,False,False,True,False,False,False,False,False,False,False,False,False,False,False,True,False,False,False,False,False,False,False,False,False,False,False,False,False,False,False,False,False,False,False,False,False,False,False,False,False,False,False,False,False,True,False,False,False,False,False,False,False,False,True
655.0,16.9,38.6,2022-2023,42574.0,110192.0,2.59,3.0,8.0,2.67,6411.43,5928.57,6170.0,368610.0,370697.0,0,0,0,1,0,1,False,False,True,False,False,False,False,False,False,False,False,False,False,False,True,False,False,False,False,False,False,False,False,False,False,False,False,False,False,False,False,False,False,False,False,False,True,False,False,False,False,False,False,False,False,False,False,False,False,False,False,False,False,True
1092.0,16.9,38.7,2022-2023,4.0,102.0,2.165,0.0,0.0,0.0,6469.5,6095.6,6282.55,368610.0,370697.0,0,0,0,1,0,1,False,False,True,False,False,False,False,False,False,False,False,False,False,False,True,False,False,False,False,False,False,False,False,False,False,False,False,False,False,False,False,False,False,False,False,False,False,True,False,False,False,False,False,False,False,False,False,False,False,False,False,False,True,False
1092.0,16.9,38.7,2022-2023,390.0,2420.0,6.21,166.0,844.0,5.08,2500.0,2500.0,2500.0,209088.0,263511.0,0,1,0,1,0,0,False,True,False,False,False,False,False,False,False,False,False,False,False,False,False,True,False,False,False,False,False,False,False,False,False,False,False,False,False,False,False,False,False,False,False,False,False,False,True,False,False,False,False,False,False,False,False,False,False,False,False,False,True,False
1092.0,16.9,38.7,2022-2023,63784.0,194350.0,3.05,41820.0,136291.0,3.26,2600.0,2600.0,2600.0,209088.0,263511.0,0,1,0,1,0,0,False,True,False,False,False,False,False,False,False,False,False,False,False,False,False,True,False,False,False,False,False,False,False,False,False,False,False,False,False,False,False,False,False,False,False,False,False,False,False,False,False,False,False,False,True,False,False,False,False,False,False,False,False,True
1092.0,16.9,38.7,2022-2023,67599.0,179734.0,2.66,67.0,178.0,2.66,7521.0,7220.0,7370.5,209088.0,263511.0,0,1,0,1,0,0,False,True,False,False,False,False,False,False,False,False,False,False,False,False,False,True,False,False,False,False,False,False,False,False,False,False,False,False,False,False,False,False,False,False,False,False,True,False,False,False,False,False,False,False,False,False,False,False,False,False,False,False,False,True
847.0,16.9,38.5,2022-2023,627.0,331.0,0.53,0.0,0.0,0.0,7322.0,7322.0,7322.0,569906.0,573327.0,0,0,0,1,0,1,True,False,False,False,False,False,False,False,False,False,False,False,False,False,False,False,True,False,False,False,False,False,False,False,False,False,False,False,False,False,False,False,False,False,False,False,False,False,False,True,False,False,False,False,False,False,False,False,False,False,False,False,True,False
847.0,16.9,38.5,2022-2023,3.0,3.0,1.0,349.0,304.0,0.87,5626.33,5051.0,5338.665,569906.0,573327.0,0,0,0,1,0,1,True,False,False,False,False,False,False,False,False,False,False,False,False,False,False,False,True,False,False,False,False,False,False,False,False,False,False,False,False,False,False,False,False,True,False,False,False,False,False,False,False,False,False,False,False,False,False,False,False,False,False,False,True,False
847.0,16.9,38.5,2022-2023,3.0,3.0,1.0,349.0,304.0,0.87,7245.6,6367.2,6806.4,569906.0,573327.0,0,0,0,1,0,1,True,False,False,False,False,False,False,False,False,False,False,False,False,False,False,False,True,False,False,False,False,False,False,False,False,False,False,False,False,False,False,False,False,False,False,False,False,False,False,False,False,False,False,True,False,False,False,False,False,False,False,False,True,False
847.0,16.9,38.5,2022-2023,2.0,1.0,0.5,3.0,3.0,1.0,7316.5,7138.5,7227.5,569906.0,573327.0,0,0,0,1,0,1,True,False,False,False,False,False,False,False,False,False,False,False,False,False,False,False,True,False,False,False,False,False,False,False,False,False,False,False,False,False,False,False,False,False,False,False,False,True,False,False,False,False,False,False,False,False,False,False,False,False,False,False,False,True
847.0,16.9,38.5,2022-2023,9.0,6.0,0.67,4.0,5.0,1.25,5111.0,5111.0,5111.0,569906.0,573327.0,0,0,0,1,0,1,True,False,False,False,False,False,False,False,False,False,False,False,False,False,False,False,True,False,False,False,False,False,False,False,False,False,False,False,False,False,False,False,False,False,False,True,False,False,False,False,False,False,False,False,False,False,False,False,False,False,False,False,False,True
847.0,16.9,38.5,2022-2023,257.0,138.0,0.54,4.0,6.0,1.5,6523.5,5945.0,6234.25,569906.0,573327.0,0,0,0,1,0,1,True,False,False,False,False,False,False,False,False,False,False,False,False,False,False,False,True,False,False,False,False,False,False,False,False,False,False,False,False,False,False,False,False,False,True,False,False,False,False,False,False,False,False,False,False,False,False,False,False,False,False,False,False,True
847.0,16.9,38.5,2022-2023,17917.0,48060.0,2.68,16.0,43.0,2.69,7050.0,7000.0,7025.0,569906.0,573327.0,0,0,0,1,0,1,True,False,False,False,False,False,False,False,False,False,False,False,False,False,False,False,True,False,False,False,False,False,False,False,False,False,False,False,False,False,False,False,False,False,False,False,True,False,False,False,False,False,False,False,False,False,False,False,False,False,False,False,False,True
847.0,16.9,38.5,2022-2023,7.0,17.0,2.43,46.0,113.0,2.46,4948.0,4948.0,4948.0,569906.0,573327.0,0,0,0,1,0,1,True,False,False,False,False,False,False,False,False,False,False,False,False,False,False,False,True,False,False,False,False,False,False,False,False,False,False,False,False,False,False,False,False,False,False,False,False,False,False,False,True,False,False,False,False,False,False,False,False,False,False,False,False,True
847.0,16.9,38.5,2022-2023,6.0,22.0,3.67,6.0,31.0,5.17,16500.0,14004.0,15252.0,569906.0,573327.0,0,0,0,1,0,1,True,False,False,False,False,False,False,False,False,False,False,False,False,False,False,False,True,False,False,False,False,False,False,False,False,False,False,False,False,False,False,False,False,False,False,False,False,False,True,False,False,False,False,False,False,False,False,False,False,False,False,False,False,True
847.0,16.9,38.5,2022-2023,2136.0,5338.0,2.5,1362.0,7551.0,5.54,2289.3,2252.0,2270.65,569906.0,573327.0,0,0,0,1,0,1,True,False,False,False,False,False,False,False,False,False,False,False,False,False,False,False,True,False,False,False,False,False,False,False,False,False,False,False,False,False,False,False,False,False,False,False,False,False,False,False,False,True,False,False,False,False,False,False,False,False,False,False,False,True
847.0,16.9,38.5,2022-2023,521.0,46909.0,2.165,0.0,0.0,0.0,2818.17,2653.17,2735.67,569906.0,573327.0,0,0,0,1,0,1,True,False,False,False,False,False,False,False,False,False,False,False,False,False,False,False,True,False,False,False,False,False,False,False,False,False,False,False,False,False,False,False,False,False,False,False,False,False,False,False,False,False,False,False,False,False,True,False,False,False,False,False,True,False
795.0,16.9,38.5,2022-2023,159.0,210.0,1.32,119.0,775.0,6.51,2090.0,2090.0,2090.0,44022.0,44022.0,0,0,0,1,0,1,False,False,True,False,False,False,False,False,False,False,False,False,False,False,False,False,False,True,False,False,False,False,False,False,False,False,False,False,False,False,False,False,False,False,False,False,False,False,False,False,False,True,False,False,False,False,False,False,False,False,False,False,False,True
795.0,16.9,38.5,2022-2023,7384.0,29514.0,4.0,5644.0,20364.0,3.61,2183.0,2183.0,2183.0,44022.0,44022.0,0,0,0,1,0,1,False,False,True,False,False,False,False,False,False,False,False,False,False,False,False,False,False,True,False,False,False,False,False,False,False,False,False,False,False,False,False,False,False,False,False,False,False,False,False,False,False,False,False,False,True,False,False,False,False,False,False,False,True,False
1185.0,17.2,38.3,2022-2023,394.0,1230.0,3.12,2048.0,12945.0,6.32,1962.0,1962.0,1962.0,177206.0,177206.0,0,1,1,0,0,0,True,False,False,False,False,False,False,False,False,False,False,False,False,False,False,False,False,False,True,False,False,False,False,False,False,False,False,False,False,False,False,False,False,False,False,False,False,False,False,False,False,True,False,False,False,False,False,False,False,False,False,False,False,True
1185.0,17.2,38.3,2022-2023,40505.0,122285.0,3.02,19777.0,66767.0,3.38,2203.0,2200.0,2201.0,177206.0,177206.0,0,1,1,0,0,0,True,False,False,False,False,False,False,False,False,False,False,False,False,False,False,False,False,False,True,False,False,False,False,False,False,False,False,False,False,False,False,False,False,False,False,False,False,False,False,False,False,False,False,False,True,False,False,False,False,False,False,False,False,True
1185.0,17.2,38.3,2022-2023,11162.0,32370.0,2.9,20.0,58.0,2.9,7070.0,6500.0,6785.0,177206.0,177206.0,0,1,1,0,0,0,True,False,False,False,False,False,False,False,False,False,False,False,False,False,False,False,False,False,True,False,False,False,False,False,False,False,False,False,False,False,False,False,False,False,False,False,True,False,False,False,False,False,False,False,False,False,False,False,False,False,False,False,False,True
677.0,17.6,38.6,2022-2023,1049.0,778.0,0.74,586.0,645.0,1.1,7089.0,6416.0,6752.5,489852.0,489852.0,0,0,0,1,0,1,False,False,True,False,False,False,False,False,False,False,False,False,False,False,False,False,False,False,False,True,False,False,False,False,False,False,False,False,False,False,False,False,False,False,False,False,False,False,False,False,False,False,False,True,False,False,False,False,False,False,False,False,False,True
677.0,17.6,38.6,2022-2023,154.0,339.0,2.2,47682.0,120922.0,2.54,6469.0,4259.0,5364.0,489852.0,489852.0,0,0,0,1,0,1,False,False,True,False,False,False,False,False,False,False,False,False,False,False,False,False,False,False,False,True,False,False,False,False,False,False,False,False,False,False,False,False,False,False,False,False,False,False,False,False,True,False,False,False,False,False,False,False,False,False,False,False,False,True
677.0,17.6,38.6,2022-2023,67.0,20.0,0.3,644.0,609.0,0.95,5355.0,5257.0,5306.0,489852.0,489852.0,0,0,0,1,0,1,False,False,True,False,False,False,False,False,False,False,False,False,False,False,False,False,False,False,False,True,False,False,False,False,False,False,False,False,False,False,False,False,False,False,False,True,False,False,False,False,False,False,False,False,False,False,False,False,False,False,False,False,False,True
677.0,17.6,38.6,2022-2023,36.0,47.0,1.31,5576.0,7143.0,1.28,8528.0,8089.0,8308.5,489852.0,489852.0,0,0,0,1,0,1,False,False,True,False,False,False,False,False,False,False,False,False,False,False,False,False,False,False,False,True,False,False,False,False,False,False,False,False,False,False,False,False,False,False,True,False,False,False,False,False,False,False,False,False,False,False,False,False,False,False,False,False,True,False
677.0,17.6,38.6,2022-2023,141458.0,327850.0,2.32,91.0,211.0,2.32,5355.0,5257.0,5306.0,489852.0,489852.0,0,0,0,1,0,1,False,False,True,False,False,False,False,False,False,False,False,False,False,False,False,False,False,False,False,True,False,False,False,False,False,False,False,False,False,False,False,False,False,False,False,False,True,False,False,False,False,False,False,False,False,False,False,False,False,False,False,False,False,True
677.0,17.6,38.6,2022-2023,15.0,10.0,0.67,43.0,50.0,1.16,7351.0,7351.0,7351.0,489852.0,489852.0,0,0,0,1,0,1,False,False,True,False,False,False,False,False,False,False,False,False,False,False,False,False,False,False,False,True,False,False,False,False,False,False,False,False,False,False,False,False,False,False,False,False,False,False,False,True,False,False,False,False,False,False,False,False,False,False,False,False,False,True
677.0,17.6,38.6,2022-2023,6.0,6.0,1.0,0.0,0.0,0.0,3889.0,3889.0,3889.0,489852.0,489852.0,0,0,0,1,0,1,False,False,True,False,False,False,False,False,False,False,False,False,False,False,False,False,False,False,False,True,False,False,False,False,False,False,False,False,False,False,False,False,False,False,False,False,False,False,False,False,False,False,True,False,False,False,False,False,False,False,False,False,True,False
677.0,17.6,38.6,2022-2023,14906.0,66034.0,4.43,8478.0,45120.0,5.32,2414.0,2414.0,2414.0,489852.0,489852.0,0,0,0,1,0,1,False,False,True,False,False,False,False,False,False,False,False,False,False,False,False,False,False,False,False,True,False,False,False,False,False,False,False,False,False,False,False,False,False,False,False,False,False,False,False,False,False,True,False,False,False,False,False,False,False,False,False,False,False,True
677.0,17.6,38.6,2022-2023,49811.0,164476.0,3.3,62949.0,219251.0,3.48,2601.0,2558.0,2579.5,489852.0,489852.0,0,0,0,1,0,1,False,False,True,False,False,False,False,False,False,False,False,False,False,False,False,False,False,False,False,True,False,False,False,False,False,False,False,False,False,False,False,False,False,False,False,False,False,False,False,False,False,False,False,False,True,False,False,False,False,False,False,False,False,True
702.0,18.1,38.4,2022-2023,3.0,2.0,0.67,101.0,123.0,1.22,5172.0,5172.0,5172.0,1142039.0,1142039.0,0,0,0,1,0,1,False,False,True,False,False,False,False,False,False,False,False,False,False,False,False,False,False,False,False,False,True,False,False,False,False,False,False,False,False,False,False,False,False,False,False,True,False,False,False,False,False,False,False,False,False,False,False,False,False,False,False,False,False,True
702.0,18.1,38.4,2022-2023,1.0,2.0,2.0,19.0,30.0,1.58,7769.5,6473.75,7121.625,1142039.0,1142039.0,0,0,0,1,0,1,False,False,True,False,False,False,False,False,False,False,False,False,False,False,False,False,False,False,False,False,True,False,False,False,False,False,False,False,False,False,False,False,False,False,False,False,False,False,False,False,False,False,False,True,False,False,False,False,False,False,False,False,True,False
702.0,18.1,38.4,2022-2023,30.0,21.0,0.7,22.0,35.0,1.59,6593.0,6593.0,6593.0,1142039.0,1142039.0,0,0,0,1,0,1,False,False,True,False,False,False,False,False,False,False,False,False,False,False,False,False,False,False,False,False,True,False,False,False,False,False,False,False,False,False,False,False,False,False,True,False,False,False,False,False,False,False,False,False,False,False,False,False,False,False,False,False,False,True
702.0,18.1,38.4,2022-2023,27.0,39.0,1.44,8414.0,19571.0,2.33,6759.0,4634.0,5696.5,1142039.0,1142039.0,0,0,0,1,0,1,False,False,True,False,False,False,False,False,False,False,False,False,False,False,False,False,False,False,False,False,True,False,False,False,False,False,False,False,False,False,False,False,False,False,False,False,False,False,False,False,True,False,False,False,False,False,False,False,False,False,False,False,False,True
702.0,18.1,38.4,2022-2023,0.0,0.0,0.0,204.0,184.0,0.9,6009.0,5750.0,5879.5,1142039.0,1142039.0,0,0,0,1,0,1,False,False,True,False,False,False,False,False,False,False,False,False,False,False,False,False,False,False,False,False,True,False,False,False,False,False,False,False,False,False,False,False,False,False,False,False,False,True,False,False,False,False,False,False,False,False,False,False,False,False,False,False,False,True
702.0,18.1,38.4,2022-2023,276238.0,589849.0,2.14,45.0,96.0,2.13,5352.86,6102.57,5727.715,1142039.0,1142039.0,0,0,0,1,0,1,False,False,True,False,False,False,False,False,False,False,False,False,False,False,False,False,False,False,False,False,True,False,False,False,False,False,False,False,False,False,False,False,False,False,False,False,True,False,False,False,False,False,False,False,False,False,False,False,False,False,False,False,True,False
702.0,18.1,38.4,2022-2023,78.0,53.0,0.68,250.0,516.0,2.06,4706.0,4706.0,4706.0,1142039.0,1142039.0,0,0,0,1,0,1,False,False,True,False,False,False,False,False,False,False,False,False,False,False,False,False,False,False,False,False,True,False,False,False,False,False,False,False,False,False,False,False,False,False,False,False,False,False,False,False,False,False,False,False,False,False,True,False,False,False,False,False,False,True
702.0,18.1,38.4,2022-2023,44.0,39.0,0.89,508.0,765.0,1.51,6764.5,5922.5,6343.5,1142039.0,1142039.0,0,0,0,1,0,1,False,False,True,False,False,False,False,False,False,False,False,False,False,False,False,False,False,False,False,False,True,False,False,False,False,False,False,False,False,False,False,False,False,False,False,False,False,False,False,True,False,False,False,False,False,False,False,False,False,False,False,False,False,True
702.0,18.1,38.4,2022-2023,25.0,114.0,4.56,132.0,859.0,6.51,2061.75,1976.25,2019.0,1142039.0,1142039.0,0,0,0,1,0,1,False,False,True,False,False,False,False,False,False,False,False,False,False,False,False,False,False,False,False,False,True,False,False,False,False,False,False,False,False,False,False,False,False,False,False,False,False,False,False,False,False,True,False,False,False,False,False,False,False,False,False,False,False,True
702.0,18.1,38.4,2022-2023,204092.0,684116.0,3.35,225262.0,837749.0,3.72,2060.0,2060.0,2060.0,1142039.0,1142039.0,0,0,0,1,0,1,False,False,True,False,False,False,False,False,False,False,False,False,False,False,False,False,False,False,False,False,True,False,False,False,False,False,False,False,False,False,False,False,False,False,False,False,False,False,False,False,False,False,False,False,True,False,False,False,False,False,False,False,False,True
1060.0,15.9,39.2,2022-2023,1.0,2.0,2.0,27370.0,44312.0,1.62,7277.0,6767.0,7022.0,461579.0,461579.0,0,1,0,1,0,1,False,True,False,False,False,False,False,False,False,False,False,False,False,False,False,False,False,False,False,False,False,True,False,False,False,False,False,False,False,False,False,False,False,False,False,False,False,False,False,False,False,False,False,True,False,False,False,False,False,False,False,False,True,False
1060.0,15.9,39.2,2022-2023,4773.0,35144.0,7.36,2.0,15.0,7.5,10456.0,7171.0,8813.5,461579.0,461579.0,0,1,0,1,0,1,False,True,False,False,False,False,False,False,False,False,False,False,False,False,False,False,False,False,False,False,False,True,False,False,False,False,False,False,False,False,False,False,False,False,False,False,False,False,False,False,False,False,False,False,False,False,False,False,False,False,True,False,False,True
1060.0,15.9,39.2,2022-2023,0.0,0.0,0.0,255.0,562.0,2.2,2504.0,2011.0,2257.5,461579.0,461579.0,0,1,0,1,0,1,False,True,False,False,False,False,False,False,False,False,False,False,False,False,False,False,False,False,False,False,False,True,False,False,False,False,False,False,False,False,False,False,False,False,False,False,False,False,False,False,False,False,False,False,False,False,False,False,False,False,False,True,False,True
1060.0,15.9,39.2,2022-2023,16.0,11.0,0.69,2606.0,5306.0,2.04,2323.0,2323.0,2323.0,461579.0,461579.0,0,1,0,1,0,1,False,True,False,False,False,False,False,False,False,False,False,False,False,False,False,False,False,False,False,False,False,True,False,False,False,False,False,False,False,False,False,False,False,False,False,False,False,False,False,False,False,False,False,False,False,False,True,False,False,False,False,False,False,True
1060.0,15.9,39.2,2022-2023,0.0,0.0,0.0,2414.0,1523.0,0.63,10159.0,9111.0,9635.0,461579.0,461579.0,0,1,0,1,0,1,False,True,False,False,False,False,False,False,False,False,False,False,False,False,False,False,False,False,False,False,False,True,False,False,False,False,False,False,False,False,False,False,False,False,False,False,False,False,False,False,False,False,False,False,False,True,False,False,False,False,False,False,False,True
1060.0,15.9,39.2,2022-2023,11270.0,52924.0,4.7,33926.0,278329.0,8.2,2000.0,2000.0,2000.0,461579.0,461579.0,0,1,0,1,0,1,False,True,False,False,False,False,False,False,False,False,False,False,False,False,False,False,False,False,False,False,False,True,False,False,False,False,False,False,False,False,False,False,False,False,False,False,False,False,False,False,False,True,False,False,False,False,False,False,False,False,False,False,False,True
1060.0,15.9,39.2,2022-2023,57672.0,199817.0,3.46,1.0,3.0,3.0,7421.0,6600.0,7010.5,461579.0,461579.0,0,1,0,1,0,1,False,True,False,False,False,False,False,False,False,False,False,False,False,False,False,False,False,False,False,False,False,True,False,False,False,False,False,False,False,False,False,False,False,False,False,False,True,False,False,False,False,False,False,False,False,False,False,False,False,False,False,False,True,False
1060.0,15.9,39.2,2022-2023,46987.0,85939.0,1.83,44.0,56.0,1.27,4129.0,3789.0,3959.0,461579.0,461579.0,0,1,0,1,0,1,False,True,False,False,False,False,False,False,False,False,False,False,False,False,False,False,False,False,False,False,False,True,False,False,False,False,False,False,False,False,False,False,False,False,False,False,False,False,False,False,False,False,False,False,False,False,False,False,True,False,False,False,True,False
991.0,16.0,39.0,2022-2023,829.0,2277.0,2.75,2.0,5.0,2.5,6641.67,6641.67,6641.67,629985.0,966995.0,0,1,0,0,0,1,False,True,False,False,False,False,False,False,False,False,False,False,False,False,False,False,False,False,False,False,False,False,True,False,False,False,False,False,False,False,False,False,False,False,False,False,True,False,False,False,False,False,False,False,False,False,False,False,False,False,False,False,True,False
991.0,16.0,39.0,2022-2023,23796.0,43904.0,1.85,324.0,156.0,0.48,4350.75,4265.25,4308.0,629985.0,966995.0,0,1,0,0,0,1,False,True,False,False,False,False,False,False,False,False,False,False,False,False,False,False,False,False,False,False,False,False,True,False,False,False,False,False,False,False,False,False,False,False,False,False,False,False,False,False,False,False,False,False,False,False,False,False,True,False,False,False,True,False
991.0,16.0,39.0,2022-2023,8868.0,53784.0,6.06,1.0,6.0,6.0,11389.0,9000.0,10194.5,629985.0,966995.0,0,1,0,0,0,1,False,True,False,False,False,False,False,False,False,False,False,False,False,False,False,False,False,False,False,False,False,False,True,False,False,False,False,False,False,False,False,False,False,False,False,False,False,False,False,False,False,False,False,False,False,False,False,False,False,False,True,False,True,False
991.0,16.0,39.0,2022-2023,169235.0,676094.0,4.0,161805.0,629421.0,3.89,2117.5,2114.64,2116.07,629985.0,966995.0,0,1,0,0,0,1,False,True,False,False,False,False,False,False,False,False,False,False,False,False,False,False,False,False,False,False,False,False,True,False,False,False,False,False,False,False,False,False,False,False,False,False,False,False,False,False,False,False,False,False,True,False,False,False,False,False,False,False,True,False
991.0,16.0,39.0,2022-2023,0.0,0.0,0.0,8627.0,14709.0,1.7,2060.0,2040.0,2050.0,629985.0,966995.0,0,1,0,0,0,1,False,True,False,False,False,False,False,False,False,False,False,False,False,False,False,False,False,False,False,False,False,False,True,False,False,False,False,False,False,False,False,False,False,False,False,False,False,False,False,False,False,False,False,True,False,False,False,False,False,False,False,False,False,True
991.0,16.0,39.0,2022-2023,0.0,0.0,0.0,5201.0,4280.0,0.82,11510.0,10200.0,10855.0,629985.0,966995.0,0,1,0,0,0,1,False,True,False,False,False,False,False,False,False,False,False,False,False,False,False,False,False,False,False,False,False,False,True,False,False,False,False,False,False,False,False,False,False,False,False,False,False,False,False,False,False,False,False,False,False,True,False,False,False,False,False,False,False,True
991.0,16.0,39.0,2022-2023,15183.0,89595.0,5.9,9694.0,82128.0,8.47,2155.5,2155.5,2155.5,629985.0,966995.0,0,1,0,0,0,1,False,True,False,False,False,False,False,False,False,False,False,False,False,False,False,False,False,False,False,False,False,False,True,False,False,False,False,False,False,False,False,False,False,False,False,False,False,False,False,False,False,True,False,False,False,False,False,False,False,False,False,False,False,True
991.0,16.0,39.0,2022-2023,97.0,232.0,2.39,6.0,15.0,2.5,11700.0,11700.0,11700.0,629985.0,966995.0,0,1,0,0,0,1,False,True,False,False,False,False,False,False,False,False,False,False,False,False,False,False,False,False,False,False,False,False,True,False,False,False,False,False,False,False,False,False,False,False,False,False,False,False,False,False,True,False,False,False,False,False,False,False,False,False,False,False,False,True
991.0,16.0,39.0,2022-2023,0.0,0.0,0.0,2187.0,3571.0,1.63,4512.0,3751.0,4131.5,629985.0,966995.0,0,1,0,0,0,1,False,True,False,False,False,False,False,False,False,False,False,False,False,False,False,False,False,False,False,False,False,False,True,False,False,False,False,False,False,False,False,False,False,False,False,False,False,False,False,False,False,False,False,False,False,False,False,False,False,True,False,False,False,True
1059.0,16.9,39.0,2022-2023,86696.0,301789.0,3.48,83904.0,323030.0,3.85,2300.0,2300.0,2300.0,484694.0,484694.0,0,1,0,1,0,0,False,True,False,False,False,False,False,False,False,False,False,False,False,False,False,False,False,False,False,False,False,False,False,True,False,False,False,False,False,False,False,False,False,False,False,False,False,False,False,False,False,False,False,False,True,False,False,False,False,False,False,False,False,True
1059.0,16.9,39.0,2022-2023,27134.0,104386.0,3.85,3.0,12.0,4.0,7161.0,6009.0,6585.0,484694.0,484694.0,0,1,0,1,0,0,False,True,False,False,False,False,False,False,False,False,False,False,False,False,False,False,False,False,False,False,False,False,False,True,False,False,False,False,False,False,False,False,False,False,False,False,True,False,False,False,False,False,False,False,False,False,False,False,False,False,False,False,False,True
1059.0,16.9,39.0,2022-2023,375.0,2277.0,6.07,4723.0,33425.0,7.08,1962.0,1962.0,1962.0,484694.0,484694.0,0,1,0,1,0,0,False,True,False,False,False,False,False,False,False,False,False,False,False,False,False,False,False,False,False,False,False,False,False,True,False,False,False,False,False,False,False,False,False,False,False,False,False,False,False,False,False,True,False,False,False,False,False,False,False,False,False,False,False,True
867.0,16.5,38.8,2022-2023,0.0,0.0,0.0,152.0,170.0,1.12,2060.0,2040.0,2050.0,365607.0,365607.0,0,1,1,1,0,0,False,True,False,False,False,False,False,False,False,False,False,False,False,False,False,False,False,False,False,False,False,False,False,False,True,False,False,False,False,False,False,False,False,False,False,False,False,False,False,False,False,False,False,True,False,False,False,False,False,False,False,False,False,True
867.0,16.5,38.8,2022-2023,23297.0,90447.0,3.88,8.0,31.0,3.88,6620.0,6620.0,6620.0,365607.0,365607.0,0,1,1,1,0,0,False,True,False,False,False,False,False,False,False,False,False,False,False,False,False,False,False,False,False,False,False,False,False,False,True,False,False,False,False,False,False,False,False,False,False,False,True,False,False,False,False,False,False,False,False,False,False,False,False,False,False,False,False,True
867.0,16.5,38.8,2022-2023,619.0,3473.0,5.61,314.0,2417.0,7.7,2090.0,2090.0,2090.0,365607.0,365607.0,0,1,1,1,0,0,False,True,False,False,False,False,False,False,False,False,False,False,False,False,False,False,False,False,False,False,False,False,False,False,True,False,False,False,False,False,False,False,False,False,False,False,False,False,False,False,False,True,False,False,False,False,False,False,False,False,False,False,False,True
747.0,17.2,38.5,2022-2023,5760.0,3491.0,0.61,7.0,8.0,1.14,8161.83,7781.0,7971.415,263196.0,313021.0,0,0,0,1,0,1,False,False,True,False,False,False,False,False,False,False,False,False,False,False,False,False,False,False,False,False,False,False,False,False,False,True,False,False,False,False,False,False,False,False,False,False,False,False,False,False,False,False,False,True,False,False,False,False,False,False,False,False,False,True
747.0,17.2,38.5,2022-2023,2070.0,1167.0,0.56,262.0,503.0,1.92,6613.0,5819.5,6216.25,263196.0,313021.0,0,0,0,1,0,1,False,False,True,False,False,False,False,False,False,False,False,False,False,False,False,False,False,False,False,False,False,False,False,False,False,True,False,False,False,False,False,False,False,False,False,False,False,False,False,False,True,False,False,False,False,False,False,False,False,False,False,False,False,True
747.0,17.2,38.5,2022-2023,2070.0,1167.0,0.56,262.0,503.0,1.92,2253.0,2092.71,2172.855,263196.0,313021.0,0,0,0,1,0,1,False,False,True,False,False,False,False,False,False,False,False,False,False,False,False,False,False,False,False,False,False,False,False,False,False,True,False,False,False,False,False,False,False,False,False,False,False,False,False,False,False,False,False,False,False,False,True,False,False,False,False,False,False,True
747.0,17.2,38.5,2022-2023,50786.0,180747.0,3.56,36605.0,135182.0,3.69,2141.71,2035.86,2088.785,263196.0,313021.0,0,0,0,1,0,1,False,False,True,False,False,False,False,False,False,False,False,False,False,False,False,False,False,False,False,False,False,False,False,False,False,True,False,False,False,False,False,False,False,False,False,False,False,False,False,False,False,False,False,False,True,False,False,False,False,False,False,False,False,True
747.0,17.2,38.5,2022-2023,29022.0,100619.0,3.47,5475.0,40154.0,7.33,2253.0,2092.71,2172.855,263196.0,313021.0,0,0,0,1,0,1,False,False,True,False,False,False,False,False,False,False,False,False,False,False,False,False,False,False,False,False,False,False,False,False,False,True,False,False,False,False,False,False,False,False,False,False,False,False,False,False,False,True,False,False,False,False,False,False,False,False,False,False,False,True
747.0,17.2,38.5,2022-2023,28.0,19.0,0.68,3.0,3.0,1.0,6532.75,6082.75,6307.75,263196.0,313021.0,0,0,0,1,0,1,False,False,True,False,False,False,False,False,False,False,False,False,False,False,False,False,False,False,False,False,False,False,False,False,False,True,False,False,False,False,False,False,False,False,False,False,False,False,False,True,False,False,False,False,False,False,False,False,False,False,False,False,False,True
747.0,17.2,38.5,2022-2023,26.0,18.0,0.69,0.0,0.0,0.0,6005.0,3511.0,4758.0,263196.0,313021.0,0,0,0,1,0,1,False,False,True,False,False,False,False,False,False,False,False,False,False,False,False,False,False,False,False,False,False,False,False,False,False,True,False,False,False,False,False,False,False,False,True,False,False,False,False,False,False,False,False,False,False,False,False,False,False,False,False,False,True,False
779.0,16.8,38.6,2022-2023,62.0,45.0,0.73,142.0,178.0,1.25,7023.0,6758.0,6890.5,800250.0,800294.0,0,1,0,1,0,0,True,False,False,False,False,False,False,False,False,False,False,False,False,False,False,False,False,False,False,False,False,False,False,False,False,False,True,False,False,False,False,False,False,False,False,False,False,True,False,False,False,False,False,False,False,False,False,False,False,False,False,False,False,True
779.0,16.8,38.6,2022-2023,51.0,21.0,0.68,7.0,9.0,1.29,5111.0,5111.0,5111.0,800250.0,800294.0,0,1,0,1,0,0,True,False,False,False,False,False,False,False,False,False,False,False,False,False,False,False,False,False,False,False,False,False,False,False,False,False,True,False,False,False,False,False,False,False,False,True,False,False,False,False,False,False,False,False,False,False,False,False,False,False,False,False,False,True
779.0,16.8,38.6,2022-2023,15072.0,76325.0,5.06,6895.0,34978.0,5.07,2315.0,2251.0,2283.0,800250.0,800294.0,0,1,0,1,0,0,True,False,False,False,False,False,False,False,False,False,False,False,False,False,False,False,False,False,False,False,False,False,False,False,False,False,True,False,False,False,False,False,False,False,False,False,False,False,False,False,False,True,False,False,False,False,False,False,False,False,False,False,False,True
779.0,16.8,38.6,2022-2023,1.0,1.0,1.0,1278.0,1668.0,1.31,6615.0,6212.0,6413.5,800250.0,800294.0,0,1,0,1,0,0,True,False,False,False,False,False,False,False,False,False,False,False,False,False,False,False,False,False,False,False,False,False,False,False,False,False,True,False,False,False,False,False,False,False,False,False,False,False,False,False,False,False,False,True,False,False,False,False,False,False,False,False,False,True
779.0,16.8,38.6,2022-2023,69.0,41.0,0.59,12.0,12.0,1.0,7452.0,7452.0,7452.0,800250.0,800294.0,0,1,0,1,0,0,True,False,False,False,False,False,False,False,False,False,False,False,False,False,False,False,False,False,False,False,False,False,False,False,False,False,True,False,False,False,False,False,False,False,False,False,False,False,False,True,False,False,False,False,False,False,False,False,False,False,False,False,False,True
779.0,16.8,38.6,2022-2023,148181.0,506186.0,3.42,141107.0,428401.0,3.04,2511.0,2511.0,2511.0,800250.0,800294.0,0,1,0,1,0,0,True,False,False,False,False,False,False,False,False,False,False,False,False,False,False,False,False,False,False,False,False,False,False,False,False,False,True,False,False,False,False,False,False,False,False,False,False,False,False,False,False,False,False,False,True,False,False,False,False,False,False,False,True,False
779.0,16.8,38.6,2022-2023,39.0,102.0,2.62,537.0,1240.0,2.31,6666.0,6666.0,6666.0,800250.0,800294.0,0,1,0,1,0,0,True,False,False,False,False,False,False,False,False,False,False,False,False,False,False,False,False,False,False,False,False,False,False,False,False,False,True,False,False,False,False,False,False,False,False,False,False,False,False,False,True,False,False,False,False,False,False,False,False,False,False,False,True,False
780.0,18.3,38.2,2022-2023,0.0,0.0,0.0,13.0,20.0,1.54,4179.0,4179.0,4179.0,478261.0,984489.0,0,1,0,1,0,1,False,False,True,False,False,False,False,False,False,False,False,False,False,False,False,False,False,False,False,False,False,False,False,False,False,False,False,True,False,False,False,False,False,False,False,False,False,False,False,False,False,False,False,True,False,False,False,False,False,False,False,False,False,True
780.0,18.3,38.2,2022-2023,5.0,23.0,4.6,211.0,1374.0,6.51,2123.0,2123.0,2123.0,478261.0,984489.0,0,1,0,1,0,1,False,False,True,False,False,False,False,False,False,False,False,False,False,False,False,False,False,False,False,False,False,False,False,False,False,False,False,True,False,False,False,False,False,False,False,False,False,False,False,False,False,True,False,False,False,False,False,False,False,False,False,False,False,True
780.0,18.3,38.2,2022-2023,46816.0,159174.0,3.4,9.0,31.0,3.44,7300.0,6029.0,6664.5,478261.0,984489.0,0,1,0,1,0,1,False,False,True,False,False,False,False,False,False,False,False,False,False,False,False,False,False,False,False,False,False,False,False,False,False,False,False,True,False,False,False,False,False,False,False,False,True,False,False,False,False,False,False,False,False,False,False,False,False,False,False,False,False,True
780.0,18.3,38.2,2022-2023,883.0,434.0,0.49,80.0,42.0,0.53,7409.0,6134.0,6771.5,478261.0,984489.0,0,1,0,1,0,1,False,False,True,False,False,False,False,False,False,False,False,False,False,False,False,False,False,False,False,False,False,False,False,False,False,False,False,True,False,False,False,False,False,False,False,False,False,False,False,True,False,False,False,False,False,False,False,False,False,False,False,False,False,True
853.0,17.1,38.5,2022-2023,26026.0,110246.0,4.24,2752.0,10708.0,3.89,2379.0,1959.0,2169.0,285524.0,286852.0,0,0,0,1,0,1,False,False,True,False,False,False,False,False,False,False,False,False,False,False,False,False,False,False,False,False,False,False,False,False,False,False,False,False,True,False,False,False,False,False,False,False,False,False,False,False,False,True,False,False,False,False,False,False,False,False,False,False,True,False
853.0,17.1,38.5,2022-2023,62613.0,51030.0,0.82,362.0,370.0,1.02,6352.0,5989.0,6170.5,285524.0,286852.0,0,0,0,1,0,1,False,False,True,False,False,False,False,False,False,False,False,False,False,False,False,False,False,False,False,False,False,False,False,False,False,False,False,False,True,False,False,False,False,False,False,False,False,False,False,False,False,False,False,True,False,False,False,False,False,False,False,False,False,True
853.0,17.1,38.5,2022-2023,722.0,9505.0,13.16,3.0,39.0,13.0,12414.0,6868.0,9641.0,285524.0,286852.0,0,0,0,1,0,1,False,False,True,False,False,False,False,False,False,False,False,False,False,False,False,False,False,False,False,False,False,False,False,False,False,False,False,False,True,False,False,False,False,False,False,False,False,False,False,False,False,False,False,False,False,False,False,False,False,False,True,False,True,False
853.0,17.1,38.5,2022-2023,3878.0,1834.0,0.47,5.0,8.0,1.6,6555.0,4923.0,5739.0,285524.0,286852.0,0,0,0,1,0,1,False,False,True,False,False,False,False,False,False,False,False,False,False,False,False,False,False,False,False,False,False,False,False,False,False,False,False,False,True,False,False,False,False,False,True,False,False,False,False,False,False,False,False,False,False,False,False,False,False,False,False,False,False,True
853.0,17.1,38.5,2022-2023,1326.0,1600.0,1.21,21.0,27.0,1.29,5289.0,5489.0,5389.0,285524.0,286852.0,0,0,0,1,0,1,False,False,True,False,False,False,False,False,False,False,False,False,False,False,False,False,False,False,False,False,False,False,False,False,False,False,False,False,True,False,False,False,False,False,False,False,False,False,False,False,False,False,False,False,False,False,False,False,True,False,False,False,False,True
853.0,17.1,38.5,2022-2023,23.0,37.0,1.61,7445.0,11905.0,1.6,7179.0,6828.0,7003.5,285524.0,286852.0,0,0,0,1,0,1,False,False,True,False,False,False,False,False,False,False,False,False,False,False,False,False,False,False,False,False,False,False,False,False,False,False,False,False,True,False,False,False,False,False,False,False,False,False,False,False,False,False,False,True,False,False,False,False,False,False,False,False,True,False
664.0,17.6,38.8,2022-2023,74092.0,273770.0,3.7,66100.0,219122.0,3.32,2160.0,1950.0,2055.0,432443.0,446204.0,0,0,0,1,0,1,False,False,True,False,False,False,False,False,False,False,False,False,False,False,False,False,False,False,False,False,False,False,False,False,False,False,False,False,False,True,False,False,False,False,False,False,False,False,False,False,False,False,False,False,True,False,False,False,False,False,False,False,True,False
664.0,17.6,38.8,2022-2023,3120.0,7398.0,2.37,9174.0,27439.0,2.99,6689.0,5799.0,6244.0,432443.0,446204.0,0,0,0,1,0,1,False,False,True,False,False,False,False,False,False,False,False,False,False,False,False,False,False,False,False,False,False,False,False,False,False,False,False,False,False,True,False,False,False,False,False,False,False,False,False,False,True,False,False,False,False,False,False,False,False,False,False,False,False,True
664.0,17.6,38.8,2022-2023,5641.0,27883.0,4.94,461.0,3002.0,6.51,2261.0,2261.0,2261.0,432443.0,446204.0,0,0,0,1,0,1,False,False,True,False,False,False,False,False,False,False,False,False,False,False,False,False,False,False,False,False,False,False,False,False,False,False,False,False,False,True,False,False,False,False,False,False,False,False,False,False,False,True,False,False,False,False,False,False,False,False,False,False,False,True
1021.0,17.5,38.5,2022-2023,2.0,1.0,0.5,115.0,237.0,2.06,3405.5,3405.5,3405.5,453533.0,453533.0,0,1,1,1,0,0,True,False,False,False,False,False,False,False,False,False,False,False,False,False,False,False,False,False,False,False,False,False,False,False,False,False,False,False,False,False,True,False,False,False,False,False,False,False,False,False,False,False,False,False,False,False,True,False,False,False,False,False,False,True
1021.0,17.5,38.5,2022-2023,0.0,0.0,0.0,27.0,29.0,1.07,4218.75,3465.5,3842.125,453533.0,453533.0,0,1,1,1,0,0,True,False,False,False,False,False,False,False,False,False,False,False,False,False,False,False,False,False,False,False,False,False,False,False,False,False,False,False,False,False,True,False,False,False,False,False,False,False,False,False,False,False,False,True,False,False,False,False,False,False,False,False,False,True
1021.0,17.5,38.5,2022-2023,0.0,0.0,0.0,45.0,84.0,1.87,6697.5,6233.5,6465.5,453533.0,453533.0,0,1,1,1,0,0,True,False,False,False,False,False,False,False,False,False,False,False,False,False,False,False,False,False,False,False,False,False,False,False,False,False,False,False,False,False,True,False,False,False,False,False,False,False,False,True,False,False,False,False,False,False,False,False,False,False,False,False,False,True
1021.0,17.5,38.5,2022-2023,54785.0,221718.0,4.05,117.0,474.0,4.05,6466.09,5757.36,6111.725,453533.0,453533.0,0,1,1,1,0,0,True,False,False,False,False,False,False,False,False,False,False,False,False,False,False,False,False,False,False,False,False,False,False,False,False,False,False,False,False,False,True,False,False,False,False,False,True,False,False,False,False,False,False,False,False,False,False,False,False,False,False,False,False,True
1021.0,17.5,38.5,2022-2023,5664.0,30857.0,5.45,35781.0,215831.0,6.03,2270.67,2057.44,2164.055,453533.0,453533.0,0,1,1,1,0,0,True,False,False,False,False,False,False,False,False,False,False,False,False,False,False,False,False,False,False,False,False,False,False,False,False,False,False,False,False,False,True,False,False,False,False,False,False,False,False,False,False,True,False,False,False,False,False,False,False,False,False,False,False,True
902.0,17.6,38.9,2022-2023,59900.0,214861.0,3.59,54186.0,209375.0,3.86,2120.82,1899.76,2010.29,410060.0,410060.0,0,1,0,1,0,1,True,False,False,False,False,False,False,False,False,False,False,False,False,False,False,False,False,False,False,False,False,False,False,False,False,False,False,False,False,False,False,True,False,False,False,False,False,False,False,False,False,False,False,False,True,False,False,False,False,False,False,False,False,True
902.0,17.6,38.9,2022-2023,37266.0,139638.0,3.75,60.0,225.0,3.75,6640.67,6023.33,6332.0,410060.0,410060.0,0,1,0,1,0,1,True,False,False,False,False,False,False,False,False,False,False,False,False,False,False,False,False,False,False,False,False,False,False,False,False,False,False,False,False,False,False,True,False,False,False,False,False,True,False,False,False,False,False,False,False,False,False,False,False,False,False,False,False,True
902.0,17.6,38.9,2022-2023,3.0,2.0,0.67,0.0,0.0,0.0,5282.0,5282.0,5282.0,410060.0,410060.0,0,1,0,1,0,1,True,False,False,False,False,False,False,False,False,False,False,False,False,False,False,False,False,False,False,False,False,False,False,False,False,False,False,False,False,False,False,True,False,False,False,True,False,False,False,False,False,False,False,False,False,False,False,False,False,False,False,False,True,False
902.0,17.6,38.9,2022-2023,8.0,5.0,0.63,1.0,2.0,2.0,3405.5,3405.5,3405.5,410060.0,410060.0,0,1,0,1,0,1,True,False,False,False,False,False,False,False,False,False,False,False,False,False,False,False,False,False,False,False,False,False,False,False,False,False,False,False,False,False,False,True,False,False,False,False,False,False,False,False,False,False,False,False,False,False,True,False,False,False,False,False,False,True
902.0,17.6,38.9,2022-2023,85.0,137.0,1.61,2.0,3.0,1.5,400.0,400.0,400.0,410060.0,410060.0,0,1,0,1,0,1,True,False,False,False,False,False,False,False,False,False,False,False,False,False,False,False,False,False,False,False,False,False,False,False,False,False,False,False,False,False,False,True,False,False,False,False,False,False,False,False,False,False,False,False,False,False,False,False,True,False,False,False,True,False
902.0,17.6,38.9,2022-2023,1862.0,9848.0,5.29,18221.0,139336.0,7.65,7552.33,6579.67,7066.0,410060.0,410060.0,0,1,0,1,0,1,True,False,False,False,False,False,False,False,False,False,False,False,False,False,False,False,False,False,False,False,False,False,False,False,False,False,False,False,False,False,False,True,False,False,True,False,False,False,False,False,False,False,False,False,False,False,False,False,False,False,False,False,False,True
902.0,17.6,38.9,2022-2023,1.0,2.0,2.0,22.0,44.0,2.0,9325.25,7578.25,8451.75,410060.0,410060.0,0,1,0,1,0,1,True,False,False,False,False,False,False,False,False,False,False,False,False,False,False,False,False,False,False,False,False,False,False,False,False,False,False,False,False,False,False,True,False,False,False,False,False,False,False,False,False,False,False,False,False,False,False,False,False,False,True,False,False,True
902.0,17.6,38.9,2022-2023,1959.0,10224.0,5.22,198.0,1007.0,5.09,16494.7,12404.5,14449.6,410060.0,410060.0,0,1,0,1,0,1,True,False,False,False,False,False,False,False,False,False,False,False,False,False,False,False,False,False,False,False,False,False,False,False,False,False,False,False,False,False,False,True,False,False,False,False,False,False,True,False,False,False,False,False,False,False,False,False,False,False,False,False,True,False
735.0,16.9,38.5,2022-2023,45.0,205.0,4.56,12.0,78.0,6.5,2300.0,2300.0,2300.0,608952.0,608952.0,0,0,0,1,0,1,False,False,True,False,False,False,False,False,False,False,False,False,False,False,False,False,False,False,False,False,False,False,False,False,False,False,False,False,False,False,False,False,True,False,False,False,False,False,False,False,False,False,False,False,True,False,False,False,False,False,False,False,False,True
